Model,Avg_scores,Std_scores,Avg_F1_scores
LogReg,0.736,0.026153393661244063,0.44807876484761994
DTree,0.66,0.016733200530681485,0.44479437322040216
RForest,0.733,0.009273618495495711,0.4499719554585221
